{"Fastlane.swift":"Autogenerated API","DeliverfileProtocol.swift":"Autogenerated API","GymfileProtocol.swift":"Autogenerated API","MatchfileProtocol.swift":"Autogenerated API","PrecheckfileProtocol.swift":"Autogenerated API","ScanfileProtocol.swift":"Autogenerated API","ScreengrabfileProtocol.swift":"Autogenerated API","SnapshotfileProtocol.swift":"Autogenerated API","LaneFileProtocol.swift":"Fastfile Components","ControlCommand.swift":"Networking","RubyCommand.swift":"Networking","RubyCommandable.swift":"Networking","Runner.swift":"Networking","SocketClient.swift":"Networking","SocketClientDelegateProtocol.swift":"Networking","SocketResponse.swift":"Networking","ArgumentProcessor.swift":"Runner Code","main.swift":"Runner Code","RunnerArgument.swift":"Runner Code"}